date,keyword,trend,trend_ma,yoy_idx,z_score
2020-08-09,cosmetics,6,,,
2020-08-16,cosmetics,6,6.0,,
2020-08-23,cosmetics,6,6.0,,
2020-08-30,cosmetics,6,6.0,,
2020-09-06,cosmetics,6,6.0,,
2020-09-13,cosmetics,6,6.0,,
2020-09-20,cosmetics,6,6.0,,
2020-09-27,cosmetics,6,6.0,,
2020-10-04,cosmetics,6,6.0,,
2020-10-11,cosmetics,7,6.25,,2.8284271247461907
2020-10-18,cosmetics,6,6.25,,2.000000000000001
2020-10-25,cosmetics,6,6.25,,1.63299316185545
2020-11-01,cosmetics,5,6.0,,-0.5773502691896256
2020-11-08,cosmetics,7,6.0,,-0.5773502691896256
2020-11-15,cosmetics,9,6.75,,2.886751345948129
2020-11-22,cosmetics,11,8.0,,3.0644838802829373
2020-11-29,cosmetics,8,8.75,,2.565866086754751
2020-12-06,cosmetics,8,9.0,,2.050500865875173
2020-12-13,cosmetics,7,8.5,,1.3147285614905317
2020-12-20,cosmetics,6,7.25,,0.14886458551295773
2020-12-27,cosmetics,7,7.0,,-0.15546441486729473
2021-01-03,cosmetics,7,6.75,,-0.43859872255589505
2021-01-10,cosmetics,7,6.75,,-0.49236596391733134
2021-01-17,cosmetics,6,6.75,,-0.5508276781891472
2021-01-24,cosmetics,6,6.5,,-0.8891084489487745
2021-01-31,cosmetics,7,6.5,,-0.9866660700433739
2021-02-07,cosmetics,7,6.5,,-0.9448409262916978
2021-02-14,cosmetics,6,6.5,,-0.8014800153449739
2021-02-21,cosmetics,7,6.75,,-0.39487359486949286
2021-02-28,cosmetics,7,6.75,,-0.23354968324845773
2021-03-07,cosmetics,7,6.75,,0.0966736489045673
2021-03-14,cosmetics,7,7.0,,1.6977493752543966
2021-03-21,cosmetics,6,6.75,,0.42008402520842447
2021-03-28,cosmetics,6,6.5,,-1.0690449676497504
2021-04-04,cosmetics,6,6.25,,-1.9639610121239957
2021-04-11,cosmetics,6,6.0,,-2.2269224668743144
2021-04-18,cosmetics,6,6.0,,-1.7546560158590152
2021-04-25,cosmetics,6,6.0,,-1.4517471271249653
2021-05-02,cosmetics,6,6.0,,-1.231041801697166
2021-05-09,cosmetics,6,6.0,,-1.0571882797418581
2021-05-16,cosmetics,6,6.0,,-0.8944271909999243
2021-05-23,cosmetics,6,6.0,,-0.7518094115561201
2021-05-30,cosmetics,6,6.0,,-0.6201736729460501
2021-06-06,cosmetics,6,6.0,,-0.5222329678671089
2021-06-13,cosmetics,6,6.0,,-0.42008402520843685
2021-06-20,cosmetics,6,6.0,,-0.3015113445778772
2021-06-27,cosmetics,6,6.0,,
2021-07-04,cosmetics,10,7.0,,3.3166247903554757
2021-07-11,cosmetics,13,8.75,,3.105951458231115
2021-07-18,cosmetics,13,10.5,,2.745446171257191
2021-07-25,cosmetics,12,12.0,,2.4089961898559777
2021-08-01,cosmetics,12,12.5,,1.958839644996715
2021-08-08,cosmetics,12,12.25,200.0,1.499633923118404
2021-08-15,cosmetics,11,11.75,183.33333333333331,1.1042352025153188
2021-08-22,cosmetics,12,11.75,200.0,0.934708118844417
2021-08-29,cosmetics,12,11.75,200.0,0.7883255068895272
2021-09-05,cosmetics,13,12.0,216.66666666666666,0.7457173294646988
2021-09-12,cosmetics,13,12.5,216.66666666666666,0.8257877672420816
2021-09-19,cosmetics,12,12.5,200.0,0.7476745169084599
2021-09-26,cosmetics,12,12.5,200.0,0.7354542322242462
2021-10-03,cosmetics,12,12.25,200.0,0.420903302486346
2021-10-10,cosmetics,13,12.25,185.71428571428572,0.28284271247459203
2021-10-17,cosmetics,12,12.25,200.0,0.21483446221180727
2021-10-24,cosmetics,11,12.0,183.33333333333331,-0.5232045649262974
2021-10-31,cosmetics,10,11.5,200.0,-1.7780017780025237
2021-11-07,cosmetics,12,11.25,171.42857142857142,-2.013995972011969
2021-11-14,cosmetics,12,11.25,133.33333333333331,-1.6858544608469765
2021-11-21,cosmetics,15,12.25,136.36363636363635,0.47036043419177914
2021-11-28,cosmetics,14,13.25,175.0,1.993270148278134
2021-12-05,cosmetics,12,13.25,150.0,1.65930827899989
2021-12-12,cosmetics,11,13.0,157.14285714285714,1.1338934190276573
2021-12-19,cosmetics,11,12.0,183.33333333333331,-0.3155972015488958
2021-12-26,cosmetics,12,11.5,171.42857142857142,-0.9385325050638256
2022-01-02,cosmetics,10,11.0,142.85714285714286,-1.378294616049907
2022-01-09,cosmetics,10,10.75,142.85714285714286,-1.4035131799278224
2022-01-16,cosmetics,9,10.25,150.0,-1.6025581958494666
2022-01-23,cosmetics,9,9.5,150.0,-1.8480076405971255
2022-01-30,cosmetics,10,9.5,142.85714285714286,-1.5321562116011949
2022-02-06,cosmetics,10,9.5,142.85714285714286,-1.3052121142042346
2022-02-13,cosmetics,9,9.5,150.0,-1.098798370735855
2022-02-20,cosmetics,9,9.5,128.57142857142858,-0.9481610741671676
2022-02-27,cosmetics,8,9.0,114.28571428571428,-1.1887821221676123
2022-03-06,cosmetics,9,8.75,128.57142857142858,-1.332606065637746
2022-03-13,cosmetics,8,8.5,114.28571428571428,-1.4430040790808683
2022-03-20,cosmetics,8,8.25,133.33333333333331,-1.5554275420956616
2022-03-27,cosmetics,9,8.5,150.0,-1.1215345385918412
2022-04-03,cosmetics,8,8.25,133.33333333333331,-1.3736056394869431
2022-04-10,cosmetics,7,8.0,116.66666666666667,-1.590412451128993
2022-04-17,cosmetics,9,8.25,150.0,-0.9716656205775667
2022-04-24,cosmetics,9,8.25,150.0,-0.8230548917531519
2022-05-01,cosmetics,8,8.25,133.33333333333331,-0.6910947404651433
2022-05-08,cosmetics,7,8.25,116.66666666666667,-0.5710915448163476
2022-05-15,cosmetics,8,8.0,133.33333333333331,-1.270639657678616
2022-05-22,cosmetics,8,7.75,133.33333333333331,-2.000000000000665
2022-05-29,cosmetics,8,7.75,133.33333333333331,-1.7677669529670472
2022-06-05,cosmetics,9,8.25,150.0,0.48336824452305344
2022-06-12,cosmetics,8,8.25,133.33333333333331,0.48336824452305344
2022-06-19,cosmetics,9,8.5,150.0,1.6434520313783882
2022-06-26,cosmetics,9,8.75,150.0,2.064741604835647
2022-07-03,cosmetics,9,8.75,90.0,1.6329931618558142
2022-07-10,cosmetics,9,9.0,69.23076923076923,1.8593393604030133
2022-07-17,cosmetics,9,9.0,69.23076923076923,1.507556722888993
2022-07-24,cosmetics,9,9.0,75.0,1.260252075625332
2022-07-31,cosmetics,9,9.0,75.0,1.0690449676497904
2022-08-07,cosmetics,12,9.75,100.0,1.9932701482783097
2022-08-14,cosmetics,10,10.0,90.9090909090909,1.9508524400166194
2022-08-21,cosmetics,9,10.0,75.0,1.68394975516512
2022-08-28,cosmetics,9,10.0,75.0,1.4142135623731553
2022-09-04,cosmetics,8,9.0,61.53846153846154,-0.4365216845729212
2022-09-11,cosmetics,8,8.5,61.53846153846154,-1.3889326327320244
2022-09-18,cosmetics,8,8.25,66.66666666666666,-1.6206354136477144
2022-09-25,cosmetics,8,8.0,66.66666666666666,-1.711055476416149
2022-10-02,cosmetics,9,8.25,75.0,-1.1596670152276383
2022-10-09,cosmetics,8,8.25,61.53846153846154,-1.0190493307301651
2022-10-16,cosmetics,8,8.25,66.66666666666666,-0.8991458456059407
2022-10-23,cosmetics,8,8.25,72.72727272727273,-0.7938841860374652
2022-10-30,cosmetics,8,8.0,80.0,-0.9425098795750076
2022-11-06,cosmetics,9,8.25,75.0,-0.49051147158799224
2022-11-13,cosmetics,9,8.5,75.0,0.07881104062391409
2022-11-20,cosmetics,12,9.5,80.0,2.626396615836034
2022-11-27,cosmetics,10,10.0,71.42857142857143,2.5584085962674603
2022-12-04,cosmetics,9,10.0,75.0,1.914854215512742
2022-12-11,cosmetics,9,10.0,81.81818181818183,1.5362291495737619
2022-12-18,cosmetics,8,9.0,72.72727272727273,0.1901640387234626
2022-12-25,cosmetics,10,9.0,83.33333333333334,0.11180339887499359
2023-01-01,cosmetics,8,8.75,80.0,-0.28915746598313
2023-01-08,cosmetics,8,8.5,80.0,-0.6815001785878753
2023-01-15,cosmetics,8,8.5,88.88888888888889,-0.7302967433402466
2023-01-22,cosmetics,9,8.25,100.0,-1.1729788561542913
2023-01-29,cosmetics,9,8.5,90.0,-0.8516583167045766
2023-02-05,cosmetics,9,8.75,90.0,-0.5025189076296267
2023-02-12,cosmetics,8,8.75,88.88888888888889,-0.40824829046388067
2023-02-19,cosmetics,6,8.0,66.66666666666666,-1.4142135623731646
2023-02-26,cosmetics,6,7.25,75.0,-2.167871374386577
2023-03-05,cosmetics,6,6.5,66.66666666666666,-2.5337417643171074
2023-03-12,cosmetics,6,6.0,75.0,-2.229933348718358
2023-03-19,cosmetics,6,6.0,75.0,-1.7487657985510652
2023-03-26,cosmetics,6,6.0,66.66666666666666,-1.4321788867444047
2023-04-02,cosmetics,6,6.0,75.0,-1.197824114257058
2023-04-09,cosmetics,6,6.0,85.71428571428571,-1.0130044474094102
2023-04-16,cosmetics,5,5.75,55.55555555555556,-1.0390328276550473
2023-04-23,cosmetics,6,5.75,66.66666666666666,-0.8852181706499521
2023-04-30,cosmetics,5,5.5,62.5,-0.990680132184111
2023-05-07,cosmetics,5,5.25,71.42857142857143,-1.2535663410560902
2023-05-14,cosmetics,5,5.25,62.5,-1.3178930553210944
2023-05-21,cosmetics,5,5.0,62.5,-1.8371173070877496
2023-05-28,cosmetics,5,5.0,62.5,-1.6081688022570528
2023-06-04,cosmetics,5,5.0,55.55555555555556,-1.3337718577109783
2023-06-11,cosmetics,6,5.25,75.0,-0.5905109398046572
2023-06-18,cosmetics,5,5.25,55.55555555555556,-0.46499055497540426
2023-06-25,cosmetics,6,5.5,66.66666666666666,0.3973597071196542
2023-07-02,cosmetics,5,5.5,55.55555555555556,0.6488856845233988
2023-07-09,cosmetics,5,5.25,55.55555555555556,-0.18569533817718434
2023-07-16,cosmetics,5,5.25,55.55555555555556,0.0
2023-07-23,cosmetics,5,5.0,55.55555555555556,-1.2126781251831422
2023-07-30,cosmetics,5,5.0,55.55555555555556,-1.0392304845424791
2023-08-06,cosmetics,5,5.0,41.66666666666667,-0.8944271910008503
2023-08-13,cosmetics,5,5.0,50.0,-0.8944271910008503
2023-08-20,cosmetics,5,5.0,55.55555555555556,-0.8944271910008503
2023-08-27,cosmetics,5,5.0,55.55555555555556,-0.8944271910008503
2023-09-03,cosmetics,5,5.0,62.5,-0.7683498199286054
2023-09-10,cosmetics,5,5.0,62.5,-0.6546536707086309
2023-09-17,cosmetics,5,5.0,62.5,-0.5345224838256514
2023-09-24,cosmetics,5,5.0,62.5,-0.44721359550185413
2023-10-01,cosmetics,4,4.75,44.44444444444444,-2.4494897427918603
2023-10-08,cosmetics,5,4.75,62.5,-2.236067977509347
2023-10-15,cosmetics,5,4.75,62.5,-1.7320508075743766
2023-10-22,cosmetics,5,4.75,62.5,-1.4142135623768952
2023-10-29,cosmetics,5,5.0,62.5,0.7071067811884438
2023-11-05,cosmetics,6,5.25,66.66666666666666,2.100420126045546
2023-11-12,cosmetics,6,5.5,66.66666666666666,2.4168412226160876
2023-11-19,cosmetics,9,6.5,75.0,2.9523727499033368
2023-11-26,cosmetics,7,7.0,70.0,2.459326731425913
2023-12-03,cosmetics,6,7.0,66.66666666666666,1.85482262561071
2023-12-10,cosmetics,6,7.0,66.66666666666666,1.4970431832653783
2023-12-17,cosmetics,6,6.25,75.0,0.5831296952211572
2023-12-24,cosmetics,6,6.0,60.0,0.2119554783250889
2023-12-31,cosmetics,6,6.0,75.0,0.10101525445522573
2024-01-07,cosmetics,5,5.75,62.5,-0.3333333333333532
2024-01-14,cosmetics,6,5.75,75.0,-0.5080005080008008
2024-01-21,cosmetics,6,5.75,66.66666666666666,-0.6807456457050836
2024-01-28,cosmetics,5,5.5,55.55555555555556,-1.2060453783111846
2024-02-04,cosmetics,5,5.5,55.55555555555556,-1.2060453783111846
2024-02-11,cosmetics,5,5.25,62.5,-1.3627702877386214
2024-02-18,cosmetics,5,5.0,83.33333333333334,-1.517437047467406
2024-02-25,cosmetics,5,5.0,83.33333333333334,-1.3634064274804996
2024-03-03,cosmetics,5,5.0,83.33333333333334,-1.3724871329937298
2024-03-10,cosmetics,5,5.0,83.33333333333334,-1.207406859886892
2024-03-17,cosmetics,5,5.0,83.33333333333334,-1.0392304845416138
2024-03-24,cosmetics,5,5.0,83.33333333333334,-0.911322376866091
2024-03-31,cosmetics,5,5.0,83.33333333333334,-0.7720486469782775
2024-04-07,cosmetics,5,5.0,83.33333333333334,-0.6488856845234134
2024-04-14,cosmetics,5,5.0,100.0,-0.5488212999490183
2024-04-21,cosmetics,5,5.0,83.33333333333334,-0.4200840252091099
2024-04-28,cosmetics,5,5.0,100.0,-0.301511344580121
2024-05-05,cosmetics,5,5.0,100.0,
2024-05-12,cosmetics,5,5.0,100.0,
2024-05-19,cosmetics,5,5.0,100.0,
2024-05-26,cosmetics,5,5.0,100.0,
2024-06-02,cosmetics,5,5.0,100.0,
2024-06-09,cosmetics,5,5.0,83.33333333333334,
2024-06-16,cosmetics,5,5.0,100.0,
2024-06-23,cosmetics,5,5.0,83.33333333333334,
2024-06-30,cosmetics,5,5.0,100.0,
2024-07-07,cosmetics,5,5.0,100.0,
2024-07-14,cosmetics,5,5.0,100.0,
2024-07-21,cosmetics,5,5.0,100.0,
2024-07-28,cosmetics,5,5.0,100.0,
2024-08-04,cosmetics,4,4.75,80.0,-3.3166247903814994
2024-08-11,cosmetics,5,4.75,100.0,-2.236067977509484
2024-08-18,cosmetics,5,4.75,100.0,-1.7320508075744525
2024-08-25,cosmetics,4,4.5,80.0,-2.473589308639308
2024-09-01,cosmetics,4,4.5,80.0,-1.8659924198267048
2024-09-08,cosmetics,4,4.25,80.0,-2.1974010622955253
2024-09-15,cosmetics,4,4.0,80.0,-2.2132114866748367
2024-09-22,cosmetics,4,4.0,80.0,-1.7320508075693941
2024-09-29,cosmetics,4,4.0,100.0,-1.4269353798663635
2024-10-06,cosmetics,4,4.0,80.0,-1.2074068598869243
2024-10-13,cosmetics,4,4.0,80.0,-1.0392304845416445
2024-10-20,cosmetics,4,4.0,80.0,-0.9113223768661253
2024-10-27,cosmetics,4,4.0,80.0,-0.7720486469783113
2024-11-03,cosmetics,4,4.0,66.66666666666666,-0.6488856845234515
2024-11-10,cosmetics,5,4.25,83.33333333333334,0.6546536707087109
2024-11-17,cosmetics,5,4.5,55.55555555555556,1.9639610121261326
2024-11-24,cosmetics,7,5.25,100.0,2.989672946979762
2024-12-01,cosmetics,6,5.75,100.0,2.5661376114046535
2024-12-08,cosmetics,5,5.75,83.33333333333334,1.9115418895326086
2024-12-15,cosmetics,5,5.75,83.33333333333334,1.5354983754817553
2024-12-22,cosmetics,5,5.25,83.33333333333334,0.7301527431923011
2024-12-29,cosmetics,5,5.0,83.33333333333334,0.29210311891851454
2025-01-05,cosmetics,4,4.75,80.0,-0.15482028055567157
2025-01-12,cosmetics,5,4.75,83.33333333333334,-0.2672612419124508
2025-01-19,cosmetics,5,4.75,83.33333333333334,-0.40684969680046873
2025-01-26,cosmetics,4,4.5,80.0,-1.031860429266396
2025-02-02,cosmetics,5,4.75,100.0,-0.6825236327900566
2025-02-09,cosmetics,4,4.5,80.0,-1.2285425390221019
2025-02-16,cosmetics,5,4.5,100.0,-1.0444659357343582
2025-02-23,cosmetics,4,4.5,80.0,-0.902717242476779
2025-03-02,cosmetics,4,4.25,80.0,-1.3420703177378879
2025-03-09,cosmetics,4,4.25,80.0,-1.4201266762293832
2025-03-16,cosmetics,4,4.0,80.0,-2.030258904552991
2025-03-23,cosmetics,4,4.0,80.0,-1.7179113807756123
2025-03-30,cosmetics,5,4.25,100.0,-0.6488856845234383
2025-04-06,cosmetics,4,4.25,80.0,-0.5222329678674529
2025-04-13,cosmetics,4,4.25,80.0,-0.39223227027671
2025-04-20,cosmetics,4,4.25,80.0,-0.30151134457804113
2025-04-27,cosmetics,5,4.25,100.0,-0.13018891098102367
2025-05-04,cosmetics,5,4.5,100.0,1.4320780207912827
2025-05-11,cosmetics,5,4.75,100.0,2.293658554630095
2025-05-18,cosmetics,5,5.0,100.0,2.412090756623355
2025-05-25,cosmetics,5,5.0,100.0,1.8304637689842886
2025-06-01,cosmetics,6,5.25,120.0,1.9209442871097733
2025-06-08,cosmetics,5,5.25,100.0,1.5689290811058065
2025-06-15,cosmetics,5,5.25,100.0,1.3318117839011563
2025-06-22,cosmetics,5,5.25,100.0,1.123623528116105
2025-06-29,cosmetics,5,5.0,100.0,0.4170288281142475
2025-07-06,cosmetics,5,5.0,100.0,0.28915746598320324
2025-07-13,cosmetics,6,5.25,120.0,0.862840305080283
2025-07-20,cosmetics,7,5.75,140.0,2.1757734596660376
2025-07-27,cosmetics,8,6.5,160.0,2.8031745950594376
2025-08-03,cosmetics,5,6.5,125.0,2.0684489388571596
2025-08-10,cosmetics,5,6.25,100.0,1.3163104752782002
2020-08-09,furniture,90,,,
2020-08-16,furniture,85,87.5,,
2020-08-23,furniture,84,86.33333333333333,,
2020-08-30,furniture,93,88.0,,
2020-09-06,furniture,90,88.0,,0.7955870797707392
2020-09-13,furniture,76,85.75,,-1.4931319334949136
2020-09-20,furniture,78,84.25,,-1.761348629115947
2020-09-27,furniture,82,81.5,,-2.008320445184838
2020-10-04,furniture,80,79.0,,-1.968104175517403
2020-10-11,furniture,84,81.0,,-1.1366526281417313
2020-10-18,furniture,85,82.75,,-0.5438924957919195
2020-10-25,furniture,79,82.0,,-0.7326252495722018
2020-11-01,furniture,66,78.5,,-1.5974132133822572
2020-11-08,furniture,86,79.0,,-1.2183438896760388
2020-11-15,furniture,89,80.0,,-0.7698919829411259
2020-11-22,furniture,96,84.25,,0.7368894636701754
2020-11-29,furniture,80,87.75,,2.0124563127713575
2020-12-06,furniture,74,84.75,,0.9994596054725676
2020-12-13,furniture,70,80.0,,-0.6429049513681891
2020-12-20,furniture,68,73.0,,-2.229545645733186
2020-12-27,furniture,96,77.0,,-1.030137636751498
2021-01-03,furniture,89,80.75,,-0.016797038607206216
2021-01-10,furniture,91,86.0,,1.2407998447592372
2021-01-17,furniture,86,90.5,,1.8350992445995642
2021-01-24,furniture,83,87.25,,0.9741592114097133
2021-01-31,furniture,84,86.0,,0.6011798073911262
2021-02-07,furniture,80,83.25,,-0.026453545376397308
2021-02-14,furniture,81,82.0,,-0.2509795849272477
2021-02-21,furniture,86,82.75,,-0.004601946943363248
2021-02-28,furniture,88,83.75,,0.236164266201363
2021-03-07,furniture,96,87.75,,0.9556921173595777
2021-03-14,furniture,100,92.5,,1.8388194842549326
2021-03-21,furniture,99,95.75,,2.128160461468765
2021-03-28,furniture,96,97.75,,1.9811086991188047
2021-04-04,furniture,91,96.5,,1.413855369996226
2021-04-11,furniture,89,93.75,,0.8343353206613111
2021-04-18,furniture,89,91.25,,0.3277745902597997
2021-04-25,furniture,87,89.0,,-0.12118430431647041
2021-05-02,furniture,85,87.5,,-0.4842518764806963
2021-05-09,furniture,85,86.5,,-0.8189554131325313
2021-05-16,furniture,86,85.75,,-1.1088483645368556
2021-05-23,furniture,92,87.0,,-0.9622948188481206
2021-05-30,furniture,90,88.25,,-0.6703881520722976
2021-06-06,furniture,78,86.5,,-0.9454257508925098
2021-06-13,furniture,81,85.25,,-1.0606724299917407
2021-06-20,furniture,83,83.0,,-1.4717948852733476
2021-06-27,furniture,85,81.75,,-1.7145222790821775
2021-07-04,furniture,82,82.75,,-1.3141534339383314
2021-07-11,furniture,77,81.75,,-1.5176926035223899
2021-07-18,furniture,82,81.5,,-1.3842617289494257
2021-07-25,furniture,78,79.75,,-1.6926646404922827
2021-08-01,furniture,75,78.0,,-1.8197545135865387
2021-08-08,furniture,74,77.25,82.22222222222221,-1.6393055663332552
2021-08-15,furniture,83,77.5,97.6470588235294,-1.3198789359192107
2021-08-22,furniture,80,78.0,95.23809523809523,-1.0547776408309395
2021-08-29,furniture,80,79.25,86.02150537634408,-0.5011711516738238
2021-09-05,furniture,83,81.5,92.22222222222223,0.6578738262459379
2021-09-12,furniture,71,78.5,93.42105263157895,-0.6875321393909333
2021-09-19,furniture,70,76.0,89.74358974358975,-1.6205097128713717
2021-09-26,furniture,73,74.25,89.02439024390245,-1.9816881732055172
2021-10-03,furniture,74,72.0,92.5,-2.1925817612566973
2021-10-10,furniture,72,72.25,85.71428571428571,-1.7086222101236535
2021-10-17,furniture,70,72.25,82.35294117647058,-1.407036970745348
2021-10-24,furniture,71,71.75,89.87341772151899,-1.3047793653669932
2021-10-31,furniture,73,71.5,110.6060606060606,-1.1639630426880365
2021-11-07,furniture,81,73.75,94.18604651162791,-0.40271489186580545
2021-11-14,furniture,80,76.25,89.8876404494382,0.40806840577105385
2021-11-21,furniture,82,79.0,85.41666666666666,1.2804168832904348
2021-11-28,furniture,72,78.75,90.0,1.4611353888526422
2021-12-05,furniture,62,74.0,83.78378378378379,-0.1233534278728515
2021-12-12,furniture,63,69.75,90.0,-1.4618317543849686
2021-12-19,furniture,57,63.5,83.82352941176471,-2.375033296804543
2021-12-26,furniture,78,65.0,81.25,-1.617477171738628
2022-01-02,furniture,70,67.0,78.65168539325843,-1.025487590534655
2022-01-09,furniture,70,68.75,76.92307692307693,-0.5867740599824895
2022-01-16,furniture,68,71.5,79.06976744186046,-0.012944147844413336
2022-01-23,furniture,68,69.0,81.92771084337349,-0.482382092241934
2022-01-30,furniture,70,69.0,83.33333333333334,-0.40274044722587254
2022-02-06,furniture,71,69.25,88.75,-0.24425638866341515
2022-02-13,furniture,70,69.75,86.41975308641975,0.03836033968998097
2022-02-20,furniture,77,72.0,89.53488372093024,1.0700005624879458
2022-02-27,furniture,75,73.25,85.22727272727273,1.6065218978405518
2022-03-06,furniture,72,73.5,75.0,1.43309273306299
2022-03-13,furniture,75,74.75,75.0,1.6583256015437222
2022-03-20,furniture,73,73.75,73.73737373737373,1.1739941245518808
2022-03-27,furniture,69,72.25,71.875,0.41208631722207406
2022-04-03,furniture,68,71.25,74.72527472527473,-0.18483721187304875
2022-04-10,furniture,65,68.75,73.03370786516854,-1.266347647226416
2022-04-17,furniture,63,66.25,70.78651685393258,-2.0048888497377075
2022-04-24,furniture,67,65.75,77.01149425287356,-1.819677949470547
2022-05-01,furniture,66,65.25,77.64705882352942,-1.6538196855505078
2022-05-08,furniture,62,64.5,72.94117647058823,-1.5521670572666486
2022-05-15,furniture,65,65.0,75.5813953488372,-1.1844844056437216
2022-05-22,furniture,70,65.75,76.08695652173914,-0.8347383972189322
2022-05-29,furniture,70,66.75,77.77777777777779,-0.4477721084990167
2022-06-05,furniture,63,67.0,80.76923076923077,-0.2317116365282047
2022-06-12,furniture,62,66.25,76.5432098765432,-0.3457560940687466
2022-06-19,furniture,64,64.75,77.10843373493977,-0.9241013448682098
2022-06-26,furniture,71,65.0,83.52941176470588,-0.802257453237899
2022-07-03,furniture,72,67.25,87.8048780487805,1.662900183507667
2022-07-10,furniture,66,68.25,85.71428571428571,2.0684878897212218
2022-07-17,furniture,67,69.0,81.70731707317073,1.9989267506596926
2022-07-24,furniture,68,68.25,87.17948717948718,1.2163976251492021
2022-07-31,furniture,72,68.25,96.0,1.0425720702849313
2022-08-07,furniture,68,68.75,91.8918918918919,1.1905640061481602
2022-08-14,furniture,68,69.0,81.92771084337349,1.1535634622404802
2022-08-21,furniture,67,68.75,83.75,0.8375069242736413
2022-08-28,furniture,67,67.5,83.75,-0.05812381937188377
2022-09-04,furniture,66,67.0,79.51807228915662,-0.4646574414087007
2022-09-11,furniture,54,63.5,76.05633802816901,-2.480664271043944
2022-09-18,furniture,56,60.75,80.0,-2.6650807975026596
2022-09-25,furniture,54,57.5,73.97260273972603,-2.461975354322179
2022-10-02,furniture,58,55.5,78.37837837837837,-2.119751470434323
2022-10-09,furniture,57,56.25,79.16666666666666,-1.5686148868335001
2022-10-16,furniture,54,55.75,77.14285714285715,-1.3705715299878665
2022-10-23,furniture,55,56.0,77.46478873239437,-1.1152260374801104
2022-10-30,furniture,55,55.25,75.34246575342466,-1.062296513858412
2022-11-06,furniture,61,56.25,75.30864197530865,-0.7427623807312999
2022-11-13,furniture,61,58.0,76.25,-0.2557463554725243
2022-11-20,furniture,70,61.75,85.36585365853658,0.862753147343538
2022-11-27,furniture,60,63.0,83.33333333333334,1.5909182294150974
2022-12-04,furniture,49,60.0,79.03225806451613,0.7752025329783009
2022-12-11,furniture,51,57.5,80.95238095238095,-0.0937640008678632
2022-12-18,furniture,45,51.25,78.94736842105263,-1.9648122221095208
2022-12-25,furniture,62,51.75,79.48717948717949,-1.5282184129957135
2023-01-01,furniture,61,54.75,87.14285714285714,-0.5915183991943239
2023-01-08,furniture,58,56.5,82.85714285714286,-0.09792574535450278
2023-01-15,furniture,61,60.5,89.70588235294117,0.930700824638354
2023-01-22,furniture,57,59.25,83.82352941176471,0.48463898687962353
2023-01-29,furniture,58,58.5,82.85714285714286,0.21954301149045838
2023-02-05,furniture,59,58.75,83.09859154929578,0.27209885825447633
2023-02-12,furniture,59,58.25,84.28571428571429,0.22581297884847418
2023-02-19,furniture,66,60.5,85.71428571428571,1.0567794574192948
2023-02-26,furniture,61,61.25,81.33333333333333,1.2248969863792387
2023-03-05,furniture,60,61.5,83.33333333333334,1.127140784877953
2023-03-12,furniture,60,61.75,80.0,1.0935427459121956
2023-03-19,furniture,60,60.25,82.1917808219178,0.46386822791143484
2023-03-26,furniture,58,59.5,84.05797101449275,-0.14058038927882438
2023-04-02,furniture,55,58.25,80.88235294117648,-1.3122670187245913
2023-04-09,furniture,58,57.75,89.23076923076924,-1.4069371488308746
2023-04-16,furniture,59,57.5,93.65079365079364,-1.3595032281078592
2023-04-23,furniture,54,56.5,80.59701492537313,-1.6955999403142938
2023-04-30,furniture,56,56.75,84.84848484848484,-1.3301243435219596
2023-05-07,furniture,58,56.75,93.54838709677419,-1.1902088533452198
2023-05-14,furniture,55,55.75,84.61538461538461,-1.4040757000346005
2023-05-21,furniture,60,57.25,85.71428571428571,-0.5441215067577936
2023-05-28,furniture,62,58.75,88.57142857142857,0.41291958463162415
2023-06-04,furniture,58,58.75,92.06349206349206,0.7375067434369377
2023-06-11,furniture,55,58.75,88.70967741935483,0.9787803889137325
2023-06-18,furniture,57,58.0,89.0625,0.4619011637247916
2023-06-25,furniture,61,57.75,85.91549295774648,0.24726906580555444
2023-07-02,furniture,65,59.5,90.27777777777779,1.702411111573622
2023-07-09,furniture,60,60.75,90.9090909090909,2.0532467814631636
2023-07-16,furniture,55,60.25,82.08955223880598,1.3961513451908851
2023-07-23,furniture,58,59.5,85.29411764705883,0.7324863908965272
2023-07-30,furniture,58,57.75,80.55555555555556,-0.6176486395889031
2023-08-06,furniture,56,56.75,82.35294117647058,-1.6389082067883687
2023-08-13,furniture,54,56.5,79.41176470588235,-1.6703827619515996
2023-08-20,furniture,56,56.0,83.5820895522388,-1.6414780857413607
2023-08-27,furniture,57,55.75,85.07462686567165,-1.4752662238469987
2023-09-03,furniture,56,55.75,84.84848484848484,-1.233267312064881
2023-09-10,furniture,52,55.25,96.29629629629629,-1.2839010189586404
2023-09-17,furniture,51,54.0,91.07142857142857,-1.5759577386422705
2023-09-24,furniture,52,52.75,96.29629629629629,-1.715380055740138
2023-10-01,furniture,48,50.75,82.75862068965517,-2.0407548578972143
2023-10-08,furniture,50,50.25,87.71929824561403,-1.8499127031172364
2023-10-15,furniture,49,49.75,90.74074074074075,-1.719678597785787
2023-10-22,furniture,48,48.75,87.27272727272727,-1.6995633440536426
2023-10-29,furniture,49,49.0,89.0909090909091,-1.3452854134683172
2023-11-05,furniture,56,50.5,91.80327868852459,-0.6882472016115716
2023-11-12,furniture,56,52.25,91.80327868852459,0.07511746287540524
2023-11-19,furniture,66,56.75,94.28571428571428,1.7500593473705839
2023-11-26,furniture,51,57.25,85.0,1.7610223871325728
2023-12-03,furniture,48,55.25,97.95918367346938,1.053666114476811
2023-12-10,furniture,45,52.5,88.23529411764706,0.12735243626051496
2023-12-17,furniture,43,46.75,95.55555555555556,-1.5575898665902939
2023-12-24,furniture,56,48.0,90.32258064516128,-1.0363982852892744
2023-12-31,furniture,58,50.5,95.08196721311475,-0.2849528442060698
2024-01-07,furniture,50,51.75,86.20689655172413,0.04486165716473648
2024-01-14,furniture,49,53.25,80.32786885245902,0.40240583773653743
2024-01-21,furniture,51,52.0,89.47368421052632,-0.07567155528347287
2024-01-28,furniture,52,50.5,89.65517241379311,-0.5709762807753005
2024-02-04,furniture,52,51.0,88.13559322033898,-0.36917090415932047
2024-02-11,furniture,52,51.75,88.13559322033898,0.015377337893483493
2024-02-18,furniture,65,55.25,98.48484848484848,1.5397555168856782
2024-02-25,furniture,58,56.75,95.08196721311475,1.935289317082577
2024-03-03,furniture,52,56.75,86.66666666666667,1.5879562617738738
2024-03-10,furniture,52,56.75,86.66666666666667,1.4018211572441743
2024-03-17,furniture,53,53.75,88.33333333333333,0.17611748841904848
2024-03-24,furniture,51,52.0,87.93103448275862,-0.6482593132544068
2024-03-31,furniture,50,51.5,90.9090909090909,-0.854867521366391
2024-04-07,furniture,51,51.25,87.93103448275862,-0.8613124761556209
2024-04-14,furniture,54,51.5,91.52542372881356,-0.7287714703432112
2024-04-21,furniture,52,51.75,96.29629629629629,-0.6956394246411441
2024-04-28,furniture,51,52.0,91.07142857142857,-0.6420811384102665
2024-05-05,furniture,52,52.25,89.65517241379311,-0.554522704328629
2024-05-12,furniture,50,51.25,90.9090909090909,-0.8579603517081842
2024-05-19,furniture,57,52.5,95.0,-0.14297805455276313
2024-05-26,furniture,55,53.5,88.70967741935483,0.6682152556672822
2024-06-02,furniture,52,53.5,89.65517241379311,1.4729831296672755
2024-06-09,furniture,51,53.75,92.72727272727272,1.762750302716575
2024-06-16,furniture,51,52.25,89.47368421052632,0.0
2024-06-23,furniture,55,52.25,90.1639344262295,-0.07530655685068693
2024-06-30,furniture,62,54.75,95.38461538461539,2.1407291706982354
2024-07-07,furniture,53,55.25,88.33333333333333,1.9798989873206194
2024-07-14,furniture,49,54.75,89.0909090909091,1.2957892449928643
2024-07-21,furniture,55,54.75,94.82758620689656,1.0926298860153498
2024-07-28,furniture,52,52.25,89.65517241379311,-0.9245329804745304
2024-08-04,furniture,53,52.25,94.64285714285714,-1.0973065354087628
2024-08-11,furniture,52,53.0,96.29629629629629,-0.4769915428236514
2024-08-18,furniture,53,52.5,94.64285714285714,-0.8311982200794188
2024-08-25,furniture,55,53.25,96.49122807017544,-0.14764269410497274
2024-09-01,furniture,57,54.25,101.78571428571428,0.6887494619140729
2024-09-08,furniture,47,53.0,90.38461538461539,-0.4728779924105
2024-09-15,furniture,48,51.75,94.11764705882352,-1.4948283644331146
2024-09-22,furniture,47,49.75,90.38461538461539,-2.2389925073439048
2024-09-29,furniture,46,47.0,95.83333333333334,-2.56821326639451
2024-10-06,furniture,44,46.25,88.0,-2.1189394415757175
2024-10-13,furniture,48,46.25,97.95918367346938,-1.69833626183915
2024-10-20,furniture,45,45.75,93.75,-1.5129610354830274
2024-10-27,furniture,44,45.25,89.79591836734694,-1.3745705138110034
2024-11-03,furniture,57,48.5,101.78571428571428,-0.29875169116027744
2024-11-10,furniture,48,48.5,85.71428571428571,-0.20294373961702028
2024-11-17,furniture,52,50.25,78.78787878787878,0.4828464094366793
2024-11-24,furniture,57,53.5,111.76470588235294,1.7138660433710446
2024-12-01,furniture,47,51.0,97.91666666666666,0.9312800240471104
2024-12-08,furniture,42,49.5,93.33333333333333,0.43968045084521834
2024-12-15,furniture,41,46.75,95.34883720930233,-0.613280512825527
2024-12-22,furniture,48,44.5,85.71428571428571,-1.3587324409732229
2024-12-29,furniture,55,46.5,94.82758620689656,-0.5934567098222066
2025-01-05,furniture,47,47.75,94.0,-0.15774833913117722
2025-01-12,furniture,48,49.5,97.95918367346938,0.4298223653329105
2025-01-19,furniture,49,49.75,96.07843137254902,0.4093776101605188
2025-01-26,furniture,46,47.5,88.46153846153845,-0.5510387687778352
2025-02-02,furniture,46,47.25,88.46153846153845,-0.6053255882836992
2025-02-09,furniture,47,47.0,90.38461538461539,-0.5998017511921805
2025-02-16,furniture,52,47.75,80.0,-0.08609232994548832
2025-02-23,furniture,49,48.5,84.48275862068965,0.5670066246216148
2025-03-02,furniture,50,49.5,96.15384615384616,1.2648609318482176
2025-03-09,furniture,52,50.75,100.0,1.6763215790380726
2025-03-16,furniture,49,50.0,92.45283018867924,1.1549534175644438
2025-03-23,furniture,49,50.0,96.07843137254902,0.9985667184827628
2025-03-30,furniture,48,49.5,96.0,0.4842001247057984
2025-04-06,furniture,48,48.5,94.11764705882352,-0.2786932057163818
2025-04-13,furniture,48,48.25,88.88888888888889,-0.3911149739937368
2025-04-20,furniture,47,47.75,90.38461538461539,-0.8497831579254537
2025-04-27,furniture,49,48.0,96.07843137254902,-0.7270147952028669
2025-05-04,furniture,52,49.0,100.0,0.044065264923853494
2025-05-11,furniture,49,49.25,98.0,0.19069251784877778
2025-05-18,furniture,52,50.5,91.22807017543859,1.3363062095600735
2025-05-25,furniture,53,51.5,96.36363636363636,1.8531232916508074
2025-06-01,furniture,50,51.0,96.15384615384616,1.35781361648256
2025-06-08,furniture,48,50.75,94.11764705882352,1.0425720702844143
2025-06-15,furniture,48,49.75,94.11764705882352,0.22716305473166018
2025-06-22,furniture,51,49.25,92.72727272727272,-0.17450120318978368
2025-06-29,furniture,55,50.5,88.70967741935483,0.7365021550228035
2025-07-06,furniture,56,52.5,105.66037735849056,1.8699667736115249
2025-07-13,furniture,56,54.5,114.28571428571428,2.3698216727041137
2025-07-20,furniture,59,56.5,107.27272727272728,2.419500423823473
2025-07-27,furniture,55,56.5,105.76923076923077,1.8585379098420296
2025-08-03,furniture,52,55.5,98.11320754716981,1.222997092844234
2025-08-10,furniture,50,54.0,96.15384615384616,0.5240727747164405
2020-08-09,groceries,3,,,
2020-08-16,groceries,4,3.5,,
2020-08-23,groceries,3,3.3333333333333335,,
2020-08-30,groceries,3,3.25,,
2020-09-06,groceries,3,3.25,,-0.8164965809277267
2020-09-13,groceries,3,3.0,,-1.6502739940140685
2020-09-20,groceries,3,3.0,,-1.2493900951088464
2020-09-27,groceries,3,3.0,,-1.0459527207369799
2020-10-04,groceries,3,3.0,,-0.9176629354822459
2020-10-11,groceries,3,3.0,,-0.8273403039920291
2020-10-18,groceries,3,3.0,,-0.7593263966019986
2020-10-25,groceries,3,3.0,,-0.705729746225971
2020-11-01,groceries,2,2.75,,-1.755607191555046
2020-11-08,groceries,3,2.75,,-1.622214211307625
2020-11-15,groceries,3,2.75,,-1.4320780207890582
2020-11-22,groceries,3,2.75,,-1.2602520756252042
2020-11-29,groceries,3,3.0,,0.7071067811865442
2020-12-06,groceries,3,3.0,,0.7071067811865442
2020-12-13,groceries,3,3.0,,0.7071067811865442
2020-12-20,groceries,3,3.0,,0.7071067811865442
2020-12-27,groceries,3,3.0,,0.7071067811865442
2021-01-03,groceries,3,3.0,,0.7071067811865442
2021-01-10,groceries,3,3.0,,0.7071067811865442
2021-01-17,groceries,3,3.0,,0.7071067811865442
2021-01-24,groceries,3,3.0,,0.5773502691896217
2021-01-31,groceries,3,3.0,,0.4472135954999526
2021-02-07,groceries,3,3.0,,0.30151134457776196
2021-02-14,groceries,3,3.0,,
2021-02-21,groceries,3,3.0,,
2021-02-28,groceries,2,2.75,,-3.316624790355356
2021-03-07,groceries,3,2.75,,-2.2360679774997725
2021-03-14,groceries,3,2.75,,-1.7320508075688652
2021-03-21,groceries,3,2.75,,-1.4142135623730847
2021-03-28,groceries,3,3.0,,0.7071067811865442
2021-04-04,groceries,3,3.0,,0.7071067811865442
2021-04-11,groceries,3,3.0,,0.7071067811865442
2021-04-18,groceries,3,3.0,,0.7071067811865442
2021-04-25,groceries,3,3.0,,0.7071067811865442
2021-05-02,groceries,3,3.0,,0.7071067811865442
2021-05-09,groceries,3,3.0,,0.7071067811865442
2021-05-16,groceries,3,3.0,,0.7071067811865442
2021-05-23,groceries,3,3.0,,0.5773502691896217
2021-05-30,groceries,3,3.0,,0.4472135954999526
2021-06-06,groceries,3,3.0,,0.30151134457776196
2021-06-13,groceries,3,3.0,,
2021-06-20,groceries,3,3.0,,
2021-06-27,groceries,3,3.0,,
2021-07-04,groceries,4,3.25,,3.316624790355378
2021-07-11,groceries,3,3.25,,2.236067977499787
2021-07-18,groceries,3,3.25,,1.7320508075688776
2021-07-25,groceries,3,3.25,,1.414213562373096
2021-08-01,groceries,4,3.25,,1.183215956619928
2021-08-08,groceries,4,3.5,133.33333333333331,2.213211486674014
2021-08-15,groceries,4,3.75,100.0,2.4140393963016824
2021-08-22,groceries,4,4.0,133.33333333333331,2.3351295871277222
2021-08-29,groceries,4,4.0,133.33333333333331,1.805787796286545
2021-09-05,groceries,4,4.0,133.33333333333331,1.4814874939752998
2021-09-12,groceries,3,3.75,100.0,0.6633249580710835
2021-09-19,groceries,4,3.75,133.33333333333331,0.5345224838248526
2021-09-26,groceries,3,3.5,100.0,-0.35093120317180093
2021-10-03,groceries,3,3.25,100.0,-1.1931660907841244
2021-10-10,groceries,3,3.25,100.0,-1.1931660907841244
2021-10-17,groceries,3,3.0,100.0,-1.7780017780026804
2021-10-24,groceries,3,3.0,100.0,-1.5827680307534924
2021-10-31,groceries,3,3.0,150.0,-1.3420703177375544
2021-11-07,groceries,3,3.0,100.0,-1.1285761872936744
2021-11-14,groceries,4,3.25,133.33333333333331,-0.38949041885226215
2021-11-21,groceries,4,3.5,133.33333333333331,0.441836082168465
2021-11-28,groceries,3,3.5,100.0,0.6882472016116902
2021-12-05,groceries,3,3.5,100.0,0.8451542547285239
2021-12-12,groceries,3,3.25,100.0,0.0
2021-12-19,groceries,4,3.25,133.33333333333331,0.10976425998969237
2021-12-26,groceries,4,3.5,133.33333333333331,1.2247448713916018
2022-01-02,groceries,3,3.5,100.0,1.0634101379502399
2022-01-09,groceries,3,3.5,100.0,0.9045340337333017
2022-01-16,groceries,2,3.0,66.66666666666666,-1.507556722888836
2022-01-23,groceries,3,2.75,100.0,-2.19740106229416
2022-01-30,groceries,3,2.75,100.0,-1.8685877318798512
2022-02-06,groceries,2,2.5,66.66666666666666,-2.017528818929557
2022-02-13,groceries,3,2.75,100.0,-1.0987983707358593
2022-02-20,groceries,3,2.75,100.0,-0.9299811099505559
2022-02-27,groceries,2,2.5,100.0,-1.3587324409735155
2022-03-06,groceries,3,2.75,100.0,-0.5698028822981901
2022-03-13,groceries,3,2.75,100.0,-0.46499055497527636
2022-03-20,groceries,2,2.5,66.66666666666666,-1.0160010160015218
2022-03-27,groceries,3,2.75,100.0,-0.08032193289024996
2022-04-03,groceries,2,2.5,66.66666666666666,-1.2602520756251732
2022-04-10,groceries,2,2.25,66.66666666666666,-2.3237900077243796
2022-04-17,groceries,2,2.25,66.66666666666666,-1.7888543819997864
2022-04-24,groceries,3,2.25,100.0,-1.4596008983994866
2022-05-01,groceries,3,2.5,100.0,-0.20851441405706886
2022-05-08,groceries,3,2.75,100.0,1.0425720702853487
2022-05-15,groceries,2,2.75,66.66666666666666,1.0425720702853487
2022-05-22,groceries,2,2.5,66.66666666666666,-0.20851441405706886
2022-05-29,groceries,3,2.5,100.0,-0.10976425998968799
2022-06-05,groceries,3,2.5,100.0,0.0
2022-06-12,groceries,3,2.75,100.0,1.2074068598865588
2022-06-19,groceries,3,3.0,100.0,2.042648719947532
2022-06-26,groceries,3,3.0,100.0,1.622214211307604
2022-07-03,groceries,4,3.25,100.0,1.97989898732232
2022-07-10,groceries,2,3.0,66.66666666666666,0.971665620577512
2022-07-17,groceries,3,3.0,100.0,0.845154254728514
2022-07-24,groceries,3,3.0,100.0,0.7071067811865455
2022-07-31,groceries,4,3.0,100.0,0.6115928396627267
2022-08-07,groceries,2,3.0,50.0,0.5222329678670936
2022-08-14,groceries,3,3.0,75.0,0.39223227027637
2022-08-21,groceries,3,3.0,75.0,0.24253562503633427
2022-08-28,groceries,2,2.5,50.0,-2.6678918753996874
2022-09-04,groceries,2,2.5,50.0,-2.1105794120443555
2022-09-11,groceries,3,2.5,100.0,-1.6600377076559754
2022-09-18,groceries,2,2.25,50.0,-1.979898987322332
2022-09-25,groceries,2,2.25,66.66666666666666,-1.6329931618554465
2022-10-02,groceries,2,2.25,66.66666666666666,-1.3471506281091208
2022-10-09,groceries,2,2.0,66.66666666666666,-1.6771133027020872
2022-10-16,groceries,2,2.0,66.66666666666666,-1.3910372101866344
2022-10-23,groceries,2,2.0,66.66666666666666,-1.1832159566199139
2022-10-30,groceries,2,2.0,66.66666666666666,-1.0251385715643846
2022-11-06,groceries,2,2.0,66.66666666666666,-0.9124211282466603
2022-11-13,groceries,2,2.0,50.0,-0.9045340337332549
2022-11-20,groceries,3,2.25,75.0,0.4472135954999361
2022-11-27,groceries,2,2.25,66.66666666666666,0.6509445549040723
2022-12-04,groceries,2,2.25,66.66666666666666,0.999999999999881
2022-12-11,groceries,2,2.25,66.66666666666666,0.999999999999881
2022-12-18,groceries,2,2.0,50.0,-0.8451542547284088
2022-12-25,groceries,3,2.25,75.0,1.183215956619775
2023-01-01,groceries,3,2.5,100.0,2.213211486673848
2023-01-08,groceries,3,2.75,100.0,2.414039396301594
2023-01-15,groceries,2,2.75,100.0,1.847404456475705
2023-01-22,groceries,2,2.5,66.66666666666666,0.7423074889580737
2023-01-29,groceries,3,2.5,100.0,0.6115928396627129
2023-02-05,groceries,2,2.25,100.0,-0.5773502691896102
2023-02-12,groceries,2,2.25,66.66666666666666,-0.5773502691896102
2023-02-19,groceries,2,2.25,66.66666666666666,-0.5773502691896102
2023-02-26,groceries,2,2.0,100.0,-1.4852968963237292
2023-03-05,groceries,3,2.25,100.0,-0.4368520283305082
2023-03-12,groceries,2,2.25,66.66666666666666,-0.5773502691896102
2023-03-19,groceries,2,2.25,100.0,-0.5773502691896102
2023-03-26,groceries,2,2.25,66.66666666666666,-0.48336824452281746
2023-04-02,groceries,2,2.0,100.0,-1.4596008983994697
2023-04-09,groceries,2,2.0,100.0,-1.4320780207889736
2023-04-16,groceries,2,2.0,100.0,-1.2602520756251143
2023-04-23,groceries,2,2.0,66.66666666666666,-1.1832159566197882
2023-04-30,groceries,2,2.0,66.66666666666666,-0.9999999999998856
2023-05-07,groceries,2,2.0,66.66666666666666,-0.8451542547284139
2023-05-14,groceries,2,2.0,100.0,-0.7071067811864543
2023-05-21,groceries,2,2.0,100.0,-0.7071067811864543
2023-05-28,groceries,2,2.0,66.66666666666666,-0.5773502691895328
2023-06-04,groceries,2,2.0,66.66666666666666,-0.44721359549985784
2023-06-11,groceries,2,2.0,66.66666666666666,-0.30151134457764356
2023-06-18,groceries,2,2.0,66.66666666666666,
2023-06-25,groceries,2,2.0,66.66666666666666,
2023-07-02,groceries,2,2.0,50.0,
2023-07-09,groceries,2,2.0,100.0,
2023-07-16,groceries,2,2.0,66.66666666666666,
2023-07-23,groceries,2,2.0,66.66666666666666,
2023-07-30,groceries,3,2.25,75.0,3.3166247903540538
2023-08-06,groceries,2,2.25,100.0,2.2360679774992986
2023-08-13,groceries,2,2.25,66.66666666666666,1.7320508075685985
2023-08-20,groceries,2,2.25,66.66666666666666,1.4142135623729049
2023-08-27,groceries,2,2.0,100.0,-0.7071067811864543
2023-09-03,groceries,3,2.25,150.0,1.1832159566197822
2023-09-10,groceries,2,2.25,66.66666666666666,0.9999999999998856
2023-09-17,groceries,2,2.25,100.0,0.8451542547284181
2023-09-24,groceries,2,2.25,100.0,0.7071067811864619
2023-10-01,groceries,2,2.0,100.0,-1.41421356237292
2023-10-08,groceries,2,2.0,100.0,-1.41421356237292
2023-10-15,groceries,2,2.0,100.0,-1.41421356237292
2023-10-22,groceries,2,2.0,100.0,-1.1832159566197882
2023-10-29,groceries,2,2.0,100.0,-0.9999999999998856
2023-11-05,groceries,2,2.0,100.0,-0.8451542547284139
2023-11-12,groceries,2,2.0,100.0,-0.7071067811864543
2023-11-19,groceries,2,2.0,66.66666666666666,-0.7071067811864543
2023-11-26,groceries,2,2.0,100.0,-0.5773502691895328
2023-12-03,groceries,2,2.0,100.0,-0.44721359549985784
2023-12-10,groceries,2,2.0,100.0,-0.30151134457764356
2023-12-17,groceries,2,2.0,100.0,
2023-12-24,groceries,3,2.25,100.0,3.3166247903540538
2023-12-31,groceries,2,2.25,66.66666666666666,2.2360679774992986
2024-01-07,groceries,2,2.25,66.66666666666666,1.7320508075685985
2024-01-14,groceries,2,2.25,100.0,1.4142135623729049
2024-01-21,groceries,2,2.0,100.0,-0.7071067811864543
2024-01-28,groceries,2,2.0,66.66666666666666,-0.7071067811864543
2024-02-04,groceries,2,2.0,100.0,-0.7071067811864543
2024-02-11,groceries,2,2.0,100.0,-0.7071067811864543
2024-02-18,groceries,2,2.0,100.0,-0.7071067811864543
2024-02-25,groceries,3,2.25,150.0,1.1832159566197822
2024-03-03,groceries,2,2.25,66.66666666666666,0.9999999999998856
2024-03-10,groceries,2,2.25,100.0,0.8451542547284181
2024-03-17,groceries,2,2.25,100.0,0.8451542547284181
2024-03-24,groceries,2,2.0,100.0,-0.9999999999998856
2024-03-31,groceries,2,2.0,100.0,-0.8451542547284139
2024-04-07,groceries,2,2.0,100.0,-0.7071067811864543
2024-04-14,groceries,2,2.0,100.0,-0.7071067811864543
2024-04-21,groceries,2,2.0,100.0,-0.7071067811864543
2024-04-28,groceries,2,2.0,100.0,-0.7071067811864543
2024-05-05,groceries,2,2.0,100.0,-0.7071067811864543
2024-05-12,groceries,2,2.0,100.0,-0.7071067811864543
2024-05-19,groceries,2,2.0,100.0,-0.5773502691895328
2024-05-26,groceries,2,2.0,100.0,-0.44721359549985784
2024-06-02,groceries,2,2.0,100.0,-0.30151134457764356
2024-06-09,groceries,2,2.0,100.0,
2024-06-16,groceries,2,2.0,100.0,
2024-06-23,groceries,2,2.0,100.0,
2024-06-30,groceries,2,2.0,100.0,
2024-07-07,groceries,2,2.0,100.0,
2024-07-14,groceries,2,2.0,100.0,
2024-07-21,groceries,2,2.0,100.0,
2024-07-28,groceries,2,2.0,66.66666666666666,
2024-08-04,groceries,2,2.0,100.0,
2024-08-11,groceries,2,2.0,100.0,
2024-08-18,groceries,2,2.0,100.0,
2024-08-25,groceries,2,2.0,100.0,
2024-09-01,groceries,2,2.0,66.66666666666666,
2024-09-08,groceries,2,2.0,100.0,
2024-09-15,groceries,2,2.0,100.0,
2024-09-22,groceries,2,2.0,100.0,
2024-09-29,groceries,2,2.0,100.0,
2024-10-06,groceries,2,2.0,100.0,
2024-10-13,groceries,2,2.0,100.0,
2024-10-20,groceries,2,2.0,100.0,
2024-10-27,groceries,2,2.0,100.0,
2024-11-03,groceries,2,2.0,100.0,
2024-11-10,groceries,2,2.0,100.0,
2024-11-17,groceries,2,2.0,100.0,
2024-11-24,groceries,2,2.0,100.0,
2024-12-01,groceries,2,2.0,100.0,
2024-12-08,groceries,2,2.0,100.0,
2024-12-15,groceries,2,2.0,100.0,
2024-12-22,groceries,2,2.0,66.66666666666666,
2024-12-29,groceries,2,2.0,100.0,
2025-01-05,groceries,2,2.0,100.0,
2025-01-12,groceries,2,2.0,100.0,
2025-01-19,groceries,3,2.25,150.0,3.3166247903540538
2025-01-26,groceries,3,2.5,150.0,2.9405881764585686
2025-02-02,groceries,3,2.75,150.0,2.611164839335384
2025-02-09,groceries,2,2.75,100.0,1.9335101599064282
2025-02-16,groceries,2,2.5,100.0,0.9124211282466578
2025-02-23,groceries,2,2.25,66.66666666666666,0.0
2025-03-02,groceries,2,2.0,100.0,-0.8660254037844205
2025-03-09,groceries,2,2.0,100.0,-0.8660254037844205
2025-03-16,groceries,2,2.0,100.0,-0.8660254037844205
2025-03-23,groceries,2,2.0,100.0,-0.8660254037844205
2025-03-30,groceries,3,2.25,150.0,-0.07474350927519245
2025-04-06,groceries,3,2.5,150.0,0.6882472016116699
2025-04-13,groceries,2,2.5,100.0,0.6030226891555137
2025-04-20,groceries,2,2.5,100.0,0.6030226891555137
2025-04-27,groceries,2,2.25,100.0,-0.16903085094569795
2025-05-04,groceries,2,2.0,100.0,-1.063410137950188
2025-05-11,groceries,3,2.25,150.0,0.20851441405706442
2025-05-18,groceries,2,2.25,100.0,0.20851441405706442
2025-05-25,groceries,2,2.25,100.0,0.1097642599896856
2025-06-01,groceries,2,2.25,100.0,0.0
2025-06-08,groceries,2,2.0,100.0,-1.4142135623730145
2025-06-15,groceries,2,2.0,100.0,-1.4142135623730145
2025-06-22,groceries,2,2.0,100.0,-1.2074068598865322
2025-06-29,groceries,2,2.0,100.0,-1.0392304845412663
2025-07-06,groceries,2,2.0,100.0,-0.9113223768656985
2025-07-13,groceries,2,2.0,100.0,-0.8451542547284036
2025-07-20,groceries,3,2.25,150.0,1.1832159566197678
2025-07-27,groceries,3,2.5,150.0,2.213211486673836
2025-08-03,groceries,3,2.75,150.0,2.434508013601981
2025-08-10,groceries,3,3.0,150.0,2.32379000772441
2020-08-09,laptops,9,,,
2020-08-16,laptops,9,9.0,,
2020-08-23,laptops,8,8.666666666666666,,
2020-08-30,laptops,8,8.5,,
2020-09-06,laptops,7,8.0,,-1.5011106998930275
2020-09-13,laptops,6,7.25,,-1.6962445310102074
2020-09-20,laptops,6,6.75,,-1.6024859328707195
2020-09-27,laptops,5,6.0,,-1.6974449256102124
2020-10-04,laptops,5,5.5,,-1.6178067184305578
2020-10-11,laptops,6,5.5,,-1.342514708287542
2020-10-18,laptops,5,5.25,,-1.310269415972411
2020-10-25,laptops,5,5.25,,-1.1619075718866265
2020-11-01,laptops,5,5.25,,-1.054694828643148
2020-11-08,laptops,6,5.25,,-0.9141899169014376
2020-11-15,laptops,7,5.75,,-0.39440531887330754
2020-11-22,laptops,10,7.0,,1.0326425862322708
2020-11-29,laptops,7,7.5,,1.7913079617632777
2020-12-06,laptops,6,7.5,,1.6977493752543293
2020-12-13,laptops,6,7.25,,1.2915436912404388
2020-12-20,laptops,5,6.0,,-0.09225312080288812
2020-12-27,laptops,5,5.5,,-0.6457718456202188
2021-01-03,laptops,5,5.25,,-0.8838562377437059
2021-01-10,laptops,6,5.25,,-0.8838562377437059
2021-01-17,laptops,5,5.25,,-0.8838562377437059
2021-01-24,laptops,6,5.5,,-0.6457718456202188
2021-01-31,laptops,5,5.5,,-0.6814574954142939
2021-02-07,laptops,5,5.25,,-0.8893546188475786
2021-02-14,laptops,5,5.25,,-0.7476309016255962
2021-02-21,laptops,5,5.0,,-0.9048187022009924
2021-02-28,laptops,5,5.0,,-0.852802865422439
2021-03-07,laptops,6,5.25,,-0.32444284226151765
2021-03-14,laptops,6,5.5,,1.2126781251816094
2021-03-21,laptops,5,5.5,,1.2126781251816094
2021-03-28,laptops,5,5.5,,1.039230484541285
2021-04-04,laptops,5,5.25,,-0.34641016151376164
2021-04-11,laptops,5,5.0,,-1.459600898399477
2021-04-18,laptops,5,5.0,,-1.2247448713915499
2021-04-25,laptops,5,5.0,,-1.0425720702853365
2021-05-02,laptops,5,5.0,,-0.9045340337332619
2021-05-09,laptops,5,5.0,,-0.7844645405527138
2021-05-16,laptops,4,4.75,,-1.6600377076559318
2021-05-23,laptops,5,4.75,,-1.4411533842457567
2021-05-30,laptops,5,4.75,,-1.206045378311034
2021-06-06,laptops,4,4.5,,-1.7320508075688554
2021-06-13,laptops,4,4.5,,-1.5075567228888018
2021-06-20,laptops,5,4.5,,-1.4142135623730767
2021-06-27,laptops,5,4.5,,-1.2567574357593483
2021-07-04,laptops,4,4.5,,-1.0634101379502232
2021-07-11,laptops,5,4.75,,0.2085144140570748
2021-07-18,laptops,5,4.75,,0.3464101615137734
2021-07-25,laptops,5,4.75,,0.5345224838248446
2021-08-01,laptops,5,5.0,,2.138089935299384
2021-08-08,laptops,5,5.0,55.55555555555556,1.732050807568867
2021-08-15,laptops,5,5.0,55.55555555555556,1.4596008983995146
2021-08-22,laptops,5,5.0,62.5,1.2567574357593518
2021-08-29,laptops,5,5.0,62.5,1.0634101379502203
2021-09-05,laptops,5,5.0,71.42857142857143,0.9045340337332782
2021-09-12,laptops,5,5.0,83.33333333333334,0.7683498199278158
2021-09-19,laptops,4,4.75,66.66666666666666,-0.774596669241461
2021-09-26,laptops,4,4.5,80.0,-2.323790007724383
2021-10-03,laptops,4,4.25,80.0,-2.4748737341528857
2021-10-10,laptops,4,4.0,66.66666666666666,-2.335419291461859
2021-10-17,laptops,5,4.25,100.0,-1.3301243435223484
2021-10-24,laptops,4,4.25,80.0,-1.1180339887498927
2021-10-31,laptops,5,4.5,100.0,-0.3464101615137746
2021-11-07,laptops,5,4.75,83.33333333333334,0.42211588240886727
2021-11-14,laptops,5,4.75,71.42857142857143,0.5080005080007617
2021-11-21,laptops,7,5.5,70.0,2.1775985589338895
2021-11-28,laptops,6,5.75,85.71428571428571,2.119487669054623
2021-12-05,laptops,4,5.5,66.66666666666666,1.4157656538177525
2021-12-12,laptops,5,5.5,83.33333333333334,1.211199849794462
2021-12-19,laptops,4,4.75,80.0,-0.10804236090984283
2021-12-26,laptops,4,4.25,80.0,-0.9723812481885855
2022-01-02,laptops,4,4.25,80.0,-1.0552897060221706
2022-01-09,laptops,4,4.0,66.66666666666666,-1.4045506918279569
2022-01-16,laptops,4,4.0,80.0,-1.314257481345541
2022-01-23,laptops,5,4.25,83.33333333333334,-0.8451542547285154
2022-01-30,laptops,4,4.25,80.0,-0.7570542214781281
2022-02-06,laptops,4,4.25,80.0,-0.676715542331964
2022-02-13,laptops,5,4.5,100.0,-0.1738670356051806
2022-02-20,laptops,5,4.5,100.0,0.0
2022-02-27,laptops,4,4.5,80.0,0.21566554640687616
2022-03-06,laptops,4,4.5,66.66666666666666,0.7844645405527408
2022-03-13,laptops,4,4.25,66.66666666666666,-0.24253562503633674
2022-03-20,laptops,4,4.0,80.0,-1.4269353798659836
2022-03-27,laptops,4,4.0,80.0,-1.2247448713915976
2022-04-03,laptops,4,4.0,80.0,-1.2247448713915976
2022-04-10,laptops,4,4.0,80.0,-1.2247448713915976
2022-04-17,laptops,4,4.0,80.0,-1.0634101379502383
2022-04-24,laptops,4,4.0,80.0,-0.9284766908852637
2022-05-01,laptops,4,4.0,80.0,-0.811502671200694
2022-05-08,laptops,4,4.0,80.0,-0.6767155423319678
2022-05-15,laptops,4,4.0,100.0,-0.5488212999484584
2022-05-22,laptops,4,4.0,80.0,-0.42008402520840976
2022-05-29,laptops,4,4.0,80.0,-0.30151134457778467
2022-06-05,laptops,4,4.0,100.0,
2022-06-12,laptops,4,4.0,100.0,
2022-06-19,laptops,4,4.0,80.0,
2022-06-26,laptops,4,4.0,80.0,
2022-07-03,laptops,4,4.0,100.0,
2022-07-10,laptops,5,4.25,100.0,3.3166247903556827
2022-07-17,laptops,4,4.25,80.0,2.2360679774998853
2022-07-24,laptops,4,4.25,80.0,1.7320508075689331
2022-07-31,laptops,4,4.25,80.0,1.4142135623731367
2022-08-07,laptops,5,4.25,100.0,1.183215956619952
2022-08-14,laptops,6,4.75,120.0,2.7456258919346044
2022-08-21,laptops,5,5.0,100.0,2.4494897427831943
2022-08-28,laptops,4,5.0,80.0,1.85996221990112
2022-09-04,laptops,4,4.75,80.0,0.9831353843426156
2022-09-11,laptops,3,4.0,60.0,-1.0987983707358626
2022-09-18,laptops,3,3.5,75.0,-2.0029810718587386
2022-09-25,laptops,3,3.25,75.0,-2.0080483222562533
2022-10-02,laptops,3,3.0,75.0,-1.8843618739857688
2022-10-09,laptops,4,3.25,100.0,-1.2551673885913872
2022-10-16,laptops,3,3.25,60.0,-1.0739309646962636
2022-10-23,laptops,3,3.25,75.0,-0.9241848554584875
2022-10-30,laptops,3,3.25,60.0,-0.7948935447959231
2022-11-06,laptops,4,3.25,80.0,-0.6609304554087905
2022-11-13,laptops,4,3.5,80.0,-0.1690308509457034
2022-11-20,laptops,6,4.25,85.71428571428571,1.4216114170120588
2022-11-27,laptops,5,4.75,83.33333333333334,2.4251018290205706
2022-12-04,laptops,4,4.75,100.0,1.9409078514116145
2022-12-11,laptops,4,4.75,80.0,1.5594571538795154
2022-12-18,laptops,4,4.25,100.0,0.6861611477069871
2022-12-25,laptops,4,4.0,100.0,0.2000000000000003
2023-01-01,laptops,4,4.0,100.0,0.10482848367219198
2023-01-08,laptops,4,4.0,100.0,0.0
2023-01-15,laptops,4,4.0,100.0,-0.12216944435630543
2023-01-22,laptops,4,4.0,80.0,-0.2773500981126151
2023-01-29,laptops,4,4.0,100.0,-0.5070925528371112
2023-02-05,laptops,4,4.0,100.0,-0.7300956427599722
2023-02-12,laptops,3,3.75,60.0,-1.285179128860423
2023-02-19,laptops,4,3.75,80.0,-1.1283296297199574
2023-02-26,laptops,4,3.75,100.0,-1.0441851275732534
2023-03-05,laptops,3,3.5,75.0,-2.2360679774998173
2023-03-12,laptops,3,3.5,75.0,-1.8659924198247597
2023-03-19,laptops,3,3.25,75.0,-2.197401062294161
2023-03-26,laptops,3,3.0,75.0,-2.2132114866740182
2023-04-02,laptops,3,3.0,75.0,-1.7320508075688854
2023-04-09,laptops,3,3.0,75.0,-1.4269353798659807
2023-04-16,laptops,3,3.0,75.0,-1.2074068598866
2023-04-23,laptops,3,3.0,75.0,-1.039230484541332
2023-04-30,laptops,3,3.0,75.0,-0.9113223768657732
2023-05-07,laptops,3,3.0,75.0,-0.772048646977962
2023-05-14,laptops,3,3.0,75.0,-0.648885684523057
2023-05-21,laptops,3,3.0,75.0,-0.5488212999484626
2023-05-28,laptops,3,3.0,75.0,-0.42008402520841776
2023-06-04,laptops,3,3.0,75.0,-0.3015113445778164
2023-06-11,laptops,3,3.0,75.0,
2023-06-18,laptops,3,3.0,75.0,
2023-06-25,laptops,4,3.25,100.0,3.316624790355955
2023-07-02,laptops,4,3.5,100.0,2.9405881764589243
2023-07-09,laptops,4,3.75,80.0,2.611164839335502
2023-07-16,laptops,4,4.0,100.0,2.3566599571949753
2023-07-23,laptops,5,4.25,125.0,2.1575848566842364
2023-07-30,laptops,4,4.25,100.0,1.6903085094570385
2023-08-06,laptops,5,4.5,100.0,1.7191007133294567
2023-08-13,laptops,4,4.5,66.66666666666666,1.4142135623730983
2023-08-20,laptops,5,4.5,100.0,1.1931660907841164
2023-08-27,laptops,5,4.75,125.0,1.3627702877384962
2023-09-03,laptops,4,4.5,100.0,0.8082903768654777
2023-09-10,laptops,3,4.25,100.0,0.19069251784911836
2023-09-17,laptops,3,3.75,100.0,-1.253566341056022
2023-09-24,laptops,3,3.25,100.0,-2.287478554989078
2023-10-01,laptops,3,3.0,100.0,-2.1828206253270013
2023-10-08,laptops,3,3.0,75.0,-1.7292861596651896
2023-10-15,laptops,3,3.0,100.0,-1.4152622933754893
2023-10-22,laptops,3,3.0,100.0,-1.1867816581938546
2023-10-29,laptops,3,3.0,100.0,-1.0034782713716248
2023-11-05,laptops,4,3.25,100.0,-0.5263889538892378
2023-11-12,laptops,4,3.5,100.0,-0.03380617018914092
2023-11-19,laptops,6,4.25,100.0,1.4157656538177559
2023-11-26,laptops,4,4.5,80.0,1.8749328928937847
2023-12-03,laptops,4,4.5,100.0,1.732050807568878
2023-12-10,laptops,4,4.5,100.0,1.4685194996208855
2023-12-17,laptops,4,4.0,100.0,0.5846128222154682
2023-12-24,laptops,4,4.0,100.0,0.47087095579741883
2023-12-31,laptops,3,3.75,75.0,-0.03582871819500121
2024-01-07,laptops,4,3.75,100.0,-0.1561737618886065
2024-01-14,laptops,3,3.5,75.0,-0.7745966692414843
2024-01-21,laptops,3,3.25,75.0,-1.4345089214865197
2024-01-28,laptops,3,3.25,75.0,-1.4345089214865197
2024-02-04,laptops,4,3.25,100.0,-1.3206763594884372
2024-02-11,laptops,3,3.25,100.0,-1.11066495503179
2024-02-18,laptops,3,3.25,75.0,-0.9555330859059101
2024-02-25,laptops,3,3.25,75.0,-0.8340576562283003
2024-03-03,laptops,3,3.0,100.0,-1.4320780207890655
2024-03-10,laptops,3,3.0,100.0,-1.2602520756252114
2024-03-17,laptops,3,3.0,100.0,-1.1832159566199258
2024-03-24,laptops,3,3.0,100.0,-1.0634101379502325
2024-03-31,laptops,3,3.0,100.0,-1.069044967649702
2024-04-07,laptops,3,3.0,100.0,-1.000000000000007
2024-04-14,laptops,3,3.0,100.0,-0.8451542547285211
2024-04-21,laptops,3,3.0,100.0,-0.7071067811865537
2024-04-28,laptops,3,3.0,100.0,-0.5773502691896304
2024-05-05,laptops,3,3.0,100.0,-0.4472135954999612
2024-05-12,laptops,3,3.0,100.0,-0.30151134457777196
2024-05-19,laptops,3,3.0,100.0,
2024-05-26,laptops,3,3.0,100.0,
2024-06-02,laptops,3,3.0,100.0,
2024-06-09,laptops,3,3.0,100.0,
2024-06-16,laptops,3,3.0,100.0,
2024-06-23,laptops,3,3.0,75.0,
2024-06-30,laptops,4,3.25,100.0,3.316624790355466
2024-07-07,laptops,4,3.5,100.0,2.9405881764588333
2024-07-14,laptops,4,3.75,100.0,2.6111648393354723
2024-07-21,laptops,5,4.25,100.0,2.6304578227655946
2024-07-28,laptops,6,4.75,150.0,2.439430194150091
2024-08-04,laptops,7,5.5,140.0,2.39791576165636
2024-08-11,laptops,7,6.25,175.0,2.2540355238797876
2024-08-18,laptops,7,6.75,140.0,1.998960228679399
2024-08-25,laptops,6,6.75,120.0,1.5996580509030929
2024-09-01,laptops,7,6.75,175.0,1.3309588587032077
2024-09-08,laptops,6,6.5,200.0,0.9881049293224643
2024-09-15,laptops,4,5.75,133.33333333333331,0.3377008927146386
2024-09-22,laptops,3,5.0,100.0,-0.4003309888857614
2024-09-29,laptops,3,4.0,100.0,-1.3887301496588282
2024-10-06,laptops,3,3.25,100.0,-1.9137190833864155
2024-10-13,laptops,3,3.0,100.0,-1.8041360699681117
2024-10-20,laptops,3,3.0,100.0,-1.5192546717389614
2024-10-27,laptops,3,3.0,100.0,-1.2728916546811686
2024-11-03,laptops,3,3.0,75.0,-1.0726881013693792
2024-11-10,laptops,4,3.25,100.0,-0.7737398142566002
2024-11-17,laptops,5,3.75,83.33333333333334,-0.3185110286353033
2024-11-24,laptops,6,4.5,150.0,0.4364357804719852
2024-12-01,laptops,5,5.0,125.0,1.213559752433838
2024-12-08,laptops,4,5.0,100.0,1.4529663145135612
2024-12-15,laptops,4,4.75,100.0,1.2138935721292998
2024-12-22,laptops,4,4.25,100.0,0.5482823149915714
2024-12-29,laptops,4,4.0,133.33333333333331,0.16012815380508752
2025-01-05,laptops,4,4.0,100.0,0.05670479771237422
2025-01-12,laptops,4,4.0,133.33333333333331,-0.06166264159782138
2025-01-19,laptops,4,4.0,133.33333333333331,-0.20851441405707566
2025-01-26,laptops,4,4.0,133.33333333333331,-0.41812100500354743
2025-02-02,laptops,4,4.0,100.0,-0.6541009870546212
2025-02-09,laptops,4,4.0,133.33333333333331,-0.7419985160044604
2025-02-16,laptops,4,4.0,133.33333333333331,-0.6324555320336821
2025-02-23,laptops,4,4.0,133.33333333333331,-0.5080005080007695
2025-03-02,laptops,4,4.0,133.33333333333331,-0.3922322702763778
2025-03-09,laptops,4,4.0,133.33333333333331,-0.3015113445778344
2025-03-16,laptops,4,4.0,133.33333333333331,
2025-03-23,laptops,4,4.0,133.33333333333331,
2025-03-30,laptops,4,4.0,133.33333333333331,
2025-04-06,laptops,4,4.0,133.33333333333331,
2025-04-13,laptops,4,4.0,133.33333333333331,
2025-04-20,laptops,4,4.0,133.33333333333331,
2025-04-27,laptops,3,3.75,100.0,-3.3166247903561765
2025-05-04,laptops,4,3.75,133.33333333333331,-2.2360679775000722
2025-05-11,laptops,4,3.75,133.33333333333331,-1.7320508075690333
2025-05-18,laptops,4,3.75,133.33333333333331,-1.4142135623731973
2025-05-25,laptops,4,4.0,133.33333333333331,0.7071067811866005
2025-06-01,laptops,4,4.0,133.33333333333331,0.7071067811866005
2025-06-08,laptops,4,4.0,133.33333333333331,0.7071067811866005
2025-06-15,laptops,4,4.0,133.33333333333331,0.7071067811866005
2025-06-22,laptops,4,4.0,133.33333333333331,0.7071067811866005
2025-06-29,laptops,4,4.0,100.0,0.7071067811866005
2025-07-06,laptops,5,4.25,125.0,2.1004201260421156
2025-07-13,laptops,5,4.5,125.0,2.4168412226142197
2025-07-20,laptops,6,5.0,120.0,2.6678918753996954
2025-07-27,laptops,7,5.75,116.66666666666667,2.6832815729997623
2025-08-03,laptops,5,5.75,71.42857142857143,1.984555753427344
2025-08-10,laptops,4,5.5,57.14285714285714,1.3380773252626248
2020-08-09,sneakers,15,,,
2020-08-16,sneakers,15,15.0,,
2020-08-23,sneakers,13,14.333333333333334,,
2020-08-30,sneakers,14,14.25,,
2020-09-06,sneakers,14,14.0,,-1.070528722656121
2020-09-13,sneakers,14,13.75,,-1.2311672797237794
2020-09-20,sneakers,14,14.0,,-0.5614899250748743
2020-09-27,sneakers,15,14.25,,0.06495698024616277
2020-10-04,sneakers,15,14.5,,0.6755945197629544
2020-10-11,sneakers,15,14.75,,1.1824133227525684
2020-10-18,sneakers,16,15.25,,1.8790900930260184
2020-10-25,sneakers,14,15.0,,1.1700824262854326
2020-11-01,sneakers,11,14.0,,-0.9243485309443711
2020-11-08,sneakers,15,14.0,,-0.7799423753992999
2020-11-15,sneakers,15,13.75,,-1.1627553482998876
2020-11-22,sneakers,18,14.75,,0.8638684255813578
2020-11-29,sneakers,17,16.25,,2.459326731425732
2020-12-06,sneakers,17,16.75,,2.217714167964435
2020-12-13,sneakers,16,17.0,,1.8883284340892932
2020-12-20,sneakers,16,16.5,,1.181005942527162
2020-12-27,sneakers,17,16.5,,1.0000000000000004
2021-01-03,sneakers,15,16.0,,0.4649603963600859
2021-01-10,sneakers,14,15.5,,0.0
2021-01-17,sneakers,15,15.25,,-0.24381191322967016
2021-01-24,sneakers,15,14.75,,-0.7993607669774322
2021-01-31,sneakers,14,14.5,,-1.1399408934860227
2021-02-07,sneakers,14,14.5,,-1.3423846960588381
2021-02-14,sneakers,14,14.25,,-1.4881541793011526
2021-02-21,sneakers,15,14.25,,-1.2391567632464526
2021-02-28,sneakers,17,15.0,,-0.3621429841700747
2021-03-07,sneakers,17,15.75,,0.6618019189742157
2021-03-14,sneakers,18,16.75,,1.8229308607505994
2021-03-21,sneakers,20,18.0,,2.4357207200352353
2021-03-28,sneakers,20,18.75,,2.2103347261120967
2021-04-04,sneakers,18,19.0,,1.8226384920964065
2021-04-11,sneakers,18,19.0,,1.4772624434031194
2021-04-18,sneakers,18,18.5,,1.0242327157683528
2021-04-25,sneakers,17,17.75,,0.5162351601297177
2021-05-02,sneakers,17,17.5,,0.26515648302104144
2021-05-09,sneakers,18,17.5,,0.1241054701151115
2021-05-16,sneakers,17,17.25,,-0.2605250528594524
2021-05-23,sneakers,17,17.25,,-0.5377328579378623
2021-05-30,sneakers,17,17.25,,-0.8533201859828536
2021-06-06,sneakers,15,16.5,,-1.7658089310035108
2021-06-13,sneakers,15,16.0,,-1.8357014168523027
2021-06-20,sneakers,16,15.75,,-1.6864024389082697
2021-06-27,sneakers,15,15.25,,-1.7885894254136114
2021-07-04,sneakers,16,15.5,,-1.374517694680177
2021-07-11,sneakers,16,15.75,,-0.9831823323078909
2021-07-18,sneakers,16,15.75,,-0.8347077597254416
2021-07-25,sneakers,17,16.25,,-0.10976425998968815
2021-08-01,sneakers,17,16.5,,0.3692744729379958
2021-08-08,sneakers,18,17.0,120.0,1.187386506040498
2021-08-15,sneakers,19,17.75,126.66666666666666,2.040263579740167
2021-08-22,sneakers,18,18.0,138.46153846153845,2.0050188284683332
2021-08-29,sneakers,17,18.0,121.42857142857142,1.620999431051791
2021-09-05,sneakers,17,17.75,121.42857142857142,1.1431078095975185
2021-09-12,sneakers,17,17.25,121.42857142857142,0.5307149938401889
2021-09-19,sneakers,17,17.0,121.42857142857142,0.1428571428571419
2021-09-26,sneakers,17,17.0,113.33333333333333,0.0
2021-10-03,sneakers,16,16.75,106.66666666666667,-0.4905114715879647
2021-10-10,sneakers,16,16.5,106.66666666666667,-1.1106902640450067
2021-10-17,sneakers,18,16.75,112.5,-0.823054891753083
2021-10-24,sneakers,17,16.75,121.42857142857142,-0.90115511257092
2021-10-31,sneakers,17,17.0,154.54545454545453,-0.4096159602595078
2021-11-07,sneakers,19,17.75,126.66666666666666,1.0650014966747288
2021-11-14,sneakers,18,17.75,120.0,1.1717001988273825
2021-11-21,sneakers,23,19.25,127.77777777777777,2.718080180241291
2021-11-28,sneakers,21,20.25,123.52941176470588,2.523573072576162
2021-12-05,sneakers,20,20.5,117.64705882352942,2.001692022999065
2021-12-12,sneakers,20,21.0,125.0,1.80732986780405
2021-12-19,sneakers,19,20.0,118.75,1.0011235056909868
2021-12-26,sneakers,19,19.5,111.76470588235294,0.5745868674211252
2022-01-02,sneakers,17,18.75,113.33333333333333,-0.014206208048740227
2022-01-09,sneakers,17,18.0,121.42857142857142,-0.6434939836876856
2022-01-16,sneakers,15,17.0,100.0,-1.4269353798659625
2022-01-23,sneakers,15,16.0,100.0,-1.9147491567127326
2022-01-30,sneakers,16,15.75,114.28571428571428,-1.7252776475173277
2022-02-06,sneakers,18,16.0,128.57142857142858,-1.3736056394868847
2022-02-13,sneakers,18,16.75,128.57142857142858,-0.8267253400121883
2022-02-20,sneakers,19,17.75,126.66666666666666,-0.18814417367671799
2022-02-27,sneakers,19,18.5,111.76470588235294,0.3590924232298014
2022-03-06,sneakers,20,19.0,117.64705882352942,0.9028938981432627
2022-03-13,sneakers,20,19.5,111.11111111111111,1.3550450070759876
2022-03-20,sneakers,22,20.25,110.00000000000001,1.74641567025199
2022-03-27,sneakers,19,20.25,95.0,1.5096217079889456
2022-04-03,sneakers,20,20.25,111.11111111111111,1.2817060319626212
2022-04-10,sneakers,19,20.0,105.55555555555556,0.9616940736686869
2022-04-17,sneakers,19,19.25,105.55555555555556,0.40471905255995305
2022-04-24,sneakers,19,19.25,111.76470588235294,0.2627226045571765
2022-05-01,sneakers,19,19.0,111.76470588235294,-0.14185627686295793
2022-05-08,sneakers,19,19.0,105.55555555555556,-0.45146611838646894
2022-05-15,sneakers,18,18.75,105.88235294117648,-1.1147728228665537
2022-05-22,sneakers,18,18.5,105.88235294117648,-1.5328126314415105
2022-05-29,sneakers,17,18.0,100.0,-1.8791047024470058
2022-06-05,sneakers,18,17.75,120.0,-1.7320508075688483
2022-06-12,sneakers,18,17.75,120.0,-1.4450544500216016
2022-06-19,sneakers,18,17.75,112.5,-1.2458074486432364
2022-06-26,sneakers,17,17.75,113.33333333333333,-1.113377205602821
2022-07-03,sneakers,17,17.5,106.25,-1.3323209813951067
2022-07-10,sneakers,17,17.25,106.25,-1.4501047335684747
2022-07-17,sneakers,18,17.25,112.5,-1.2683436648534465
2022-07-24,sneakers,18,17.5,105.88235294117648,-0.7270147952037032
2022-07-31,sneakers,19,18.0,111.76470588235294,0.43151697133684186
2022-08-07,sneakers,20,18.75,111.11111111111111,2.1575848566842093
2022-08-14,sneakers,21,19.5,110.5263157894737,2.6030751045638167
2022-08-21,sneakers,20,20.0,111.11111111111111,2.283283065052086
2022-08-28,sneakers,19,20.0,111.76470588235294,1.7591864148251104
2022-09-04,sneakers,19,19.75,111.76470588235294,1.2551432648843677
2022-09-11,sneakers,18,19.0,105.88235294117648,0.45502198824313234
2022-09-18,sneakers,18,18.5,105.88235294117648,-0.08111071056537934
2022-09-25,sneakers,18,18.25,105.88235294117648,-0.4033433953185407
2022-10-02,sneakers,18,18.0,112.5,-0.7767498260544092
2022-10-09,sneakers,18,18.0,112.5,-0.9264487087968305
2022-10-16,sneakers,18,18.0,100.0,-1.0441851275732261
2022-10-23,sneakers,17,17.75,100.0,-1.2979353291278886
2022-10-30,sneakers,20,18.25,117.64705882352942,-0.6123724356957833
2022-11-06,sneakers,20,18.75,105.26315789473684,0.07963978098028335
2022-11-13,sneakers,21,19.5,116.66666666666667,1.178180377033037
2022-11-20,sneakers,25,21.5,108.69565217391303,2.6812980117973715
2022-11-27,sneakers,22,22.0,104.76190476190477,2.2734925085046758
2022-12-04,sneakers,21,22.25,105.0,1.866505891210117
2022-12-11,sneakers,25,23.25,125.0,1.8680542165623992
2022-12-18,sneakers,30,24.5,157.89473684210526,1.88825444703471
2022-12-25,sneakers,28,26.0,147.36842105263156,1.9140825760092695
2023-01-01,sneakers,17,25.0,100.0,1.289931759850663
2023-01-08,sneakers,17,23.0,100.0,0.4525092328180618
2023-01-15,sneakers,17,19.75,113.33333333333333,-0.9225852168059968
2023-01-22,sneakers,17,17.0,113.33333333333333,-1.8785638983504347
2023-01-29,sneakers,18,17.25,112.5,-1.6230053424013715
2023-02-05,sneakers,17,17.25,94.44444444444444,-1.4440962326108053
2023-02-12,sneakers,17,17.25,94.44444444444444,-1.2308632503699541
2023-02-19,sneakers,19,17.75,100.0,-0.9291653460642267
2023-02-26,sneakers,19,18.0,100.0,-0.7355460237883884
2023-03-05,sneakers,20,18.75,100.0,-0.41389276435687333
2023-03-12,sneakers,19,19.25,95.0,-0.14335556437986285
2023-03-19,sneakers,20,19.5,90.9090909090909,0.14830908826167477
2023-03-26,sneakers,20,19.75,105.26315789473684,0.6356160452261496
2023-04-02,sneakers,19,19.5,95.0,1.0245435281108206
2023-04-09,sneakers,20,19.75,105.26315789473684,1.2609766499825485
2023-04-16,sneakers,20,19.75,105.26315789473684,1.0793872019097668
2023-04-23,sneakers,20,19.75,105.26315789473684,0.9228657827001878
2023-04-30,sneakers,20,20.0,105.26315789473684,1.034792955221937
2023-05-07,sneakers,19,19.75,100.0,0.6493094697110255
2023-05-14,sneakers,20,19.75,111.11111111111111,0.5416762627738614
2023-05-21,sneakers,20,19.75,111.11111111111111,0.464606318119879
2023-05-28,sneakers,19,19.5,111.76470588235294,-0.8944271909993802
2023-06-04,sneakers,18,19.25,100.0,-2.2360679774984407
2023-06-11,sneakers,18,18.75,100.0,-2.721265577559317
2023-06-18,sneakers,19,18.5,105.55555555555556,-2.3094010767582573
2023-06-25,sneakers,17,18.0,100.0,-2.293658554627701
2023-07-02,sneakers,17,17.75,100.0,-1.9846679199330322
2023-07-09,sneakers,17,17.5,100.0,-1.7879487262978986
2023-07-16,sneakers,17,17.0,94.44444444444444,-1.8219684740102282
2023-07-23,sneakers,19,17.5,105.55555555555556,-1.1167956269276342
2023-07-30,sneakers,18,17.75,94.73684210526315,-0.7198740330653479
2023-08-06,sneakers,19,18.25,95.0,-0.04993761694389289
2023-08-13,sneakers,19,18.75,90.47619047619048,0.7443778346080161
2023-08-20,sneakers,20,19.0,100.0,1.2549116102762876
2023-08-27,sneakers,18,19.0,94.73684210526315,1.3495314382870671
2023-09-03,sneakers,18,18.75,94.73684210526315,0.9545466270810968
2023-09-10,sneakers,17,18.25,94.44444444444444,0.19999999999999502
2023-09-17,sneakers,18,17.75,100.0,-0.5595618158751265
2023-09-24,sneakers,18,17.75,100.0,-0.5595618158751265
2023-10-01,sneakers,18,17.75,100.0,-0.6081636405595219
2023-10-08,sneakers,17,17.75,94.44444444444444,-0.8230548917530732
2023-10-15,sneakers,17,17.5,94.44444444444444,-1.2933719727548294
2023-10-22,sneakers,16,17.0,94.11764705882352,-1.8244909216785654
2023-10-29,sneakers,15,16.25,75.0,-2.1286139397697434
2023-11-05,sneakers,17,16.25,85.0,-1.685854460847029
2023-11-12,sneakers,19,16.75,90.47619047619048,-0.964507765317508
2023-11-19,sneakers,23,18.5,92.0,1.2547841448544623
2023-11-26,sneakers,20,19.75,90.9090909090909,2.2743347889713994
2023-12-03,sneakers,19,20.25,90.47619047619048,2.0870770218734584
2023-12-10,sneakers,19,20.25,76.0,1.6562748453763445
2023-12-17,sneakers,18,19.0,60.0,0.6562049848990811
2023-12-24,sneakers,19,18.75,67.85714285714286,0.4153735803678462
2023-12-31,sneakers,17,18.25,100.0,0.0297877734367257
2024-01-07,sneakers,16,17.5,94.11764705882352,-0.5063921484243217
2024-01-14,sneakers,15,16.75,88.23529411764706,-1.0135010932502293
2024-01-21,sneakers,15,15.75,88.23529411764706,-1.618114151488105
2024-01-28,sneakers,16,15.5,88.88888888888889,-1.6429967140098523
2024-02-04,sneakers,16,15.5,94.11764705882352,-1.4635696090740076
2024-02-11,sneakers,17,16.0,100.0,-1.0009702684380988
2024-02-18,sneakers,31,20.0,163.1578947368421,1.231227082840403
2024-02-25,sneakers,20,21.0,105.26315789473684,1.6655875161451053
2024-03-03,sneakers,19,21.75,95.0,1.8104526697582302
2024-03-10,sneakers,19,22.25,100.0,1.6757218968807295
2024-03-17,sneakers,19,19.25,95.0,0.3993512979193048
2024-03-24,sneakers,19,19.0,95.0,0.26825001051122666
2024-03-31,sneakers,18,18.75,94.73684210526315,0.12176215003041929
2024-04-07,sneakers,19,18.75,95.0,0.053426813097493586
2024-04-14,sneakers,20,19.0,100.0,0.047928704440692645
2024-04-21,sneakers,19,19.0,95.0,-0.0977625803868421
2024-04-28,sneakers,19,19.25,95.0,-0.1597870923873917
2024-05-05,sneakers,19,19.25,100.0,-0.44678488768884267
2024-05-12,sneakers,19,19.0,95.0,-0.5816389095155496
2024-05-19,sneakers,19,19.0,95.0,-0.4630423666103935
2024-05-26,sneakers,19,19.0,100.0,-0.3218603429101902
2024-06-02,sneakers,18,18.75,100.0,-1.4142135623727714
2024-06-09,sneakers,18,18.5,100.0,-2.1105794120440056
2024-06-16,sneakers,18,18.25,94.73684210526315,-2.2360679774995993
2024-06-23,sneakers,16,17.5,94.11764705882352,-2.687981160359236
2024-06-30,sneakers,17,17.25,100.0,-2.205331862566689
2024-07-07,sneakers,17,17.0,100.0,-1.9288066784807574
2024-07-14,sneakers,18,17.0,105.88235294117648,-1.546740140841734
2024-07-21,sneakers,18,17.5,94.73684210526315,-0.8081220356417644
2024-07-28,sneakers,18,17.75,100.0,-0.38245085529570577
2024-08-04,sneakers,20,18.5,105.26315789473684,0.6928203230275451
2024-08-11,sneakers,20,19.0,105.26315789473684,1.3856406460550903
2024-08-18,sneakers,21,19.75,105.0,2.0332770349721474
2024-08-25,sneakers,19,20.0,105.55555555555556,1.8795868469768646
2024-09-01,sneakers,20,20.0,111.11111111111111,1.555218645712301
2024-09-08,sneakers,18,19.5,105.88235294117648,0.9620475144704878
2024-09-15,sneakers,18,18.75,100.0,0.2236067977499783
2024-09-22,sneakers,18,18.5,100.0,-0.09891782353111715
2024-09-29,sneakers,17,17.75,94.44444444444444,-0.9397934234884351
2024-10-06,sneakers,17,17.5,100.0,-1.32504382091636
2024-10-13,sneakers,18,17.5,105.88235294117648,-1.32504382091636
2024-10-20,sneakers,17,17.25,106.25,-1.4685763234883082
2024-10-27,sneakers,16,17.0,106.66666666666667,-1.441315366193493
2024-11-03,sneakers,16,16.75,94.11764705882352,-1.376097454081643
2024-11-10,sneakers,18,16.75,94.73684210526315,-1.1661186200311073
2024-11-17,sneakers,19,17.25,82.6086956521739,-0.6078306738548268
2024-11-24,sneakers,24,19.25,120.0,1.5734735564226263
2024-12-01,sneakers,21,20.5,110.5263157894737,2.3849577141206018
2024-12-08,sneakers,20,21.0,105.26315789473684,2.116359193049145
2024-12-15,sneakers,18,20.75,100.0,1.586384667790062
2024-12-22,sneakers,19,19.5,100.0,0.6818536108505864
2024-12-29,sneakers,18,18.75,105.88235294117648,0.14632887426733743
2025-01-05,sneakers,17,18.0,106.25,-0.3641010273282298
2025-01-12,sneakers,15,17.25,100.0,-0.8495690637658695
2025-01-19,sneakers,15,16.25,100.0,-1.388730149658824
2025-01-26,sneakers,16,15.75,100.0,-1.5413857627490792
2025-02-02,sneakers,17,15.75,106.25,-1.4120113078902552
2025-02-09,sneakers,16,16.0,94.11764705882352,-1.16010035925372
2025-02-16,sneakers,17,16.5,54.83870967741935,-0.7692729177072375
2025-02-23,sneakers,18,17.0,90.0,-0.39114064034485024
2025-03-02,sneakers,18,17.25,94.73684210526315,-0.09623413771115245
2025-03-09,sneakers,19,18.0,100.0,0.7207499701564419
2025-03-16,sneakers,19,18.5,100.0,1.3997578483074413
2025-03-23,sneakers,19,18.75,100.0,1.646773939185225
2025-03-30,sneakers,19,19.0,105.55555555555556,1.6375104406425205
2025-04-06,sneakers,18,18.75,94.73684210526315,1.212678125181658
2025-04-13,sneakers,18,18.5,90.0,0.850023454740031
2025-04-20,sneakers,19,18.5,100.0,0.7145685437223694
2025-04-27,sneakers,19,18.5,100.0,0.5904549227349359
2025-05-04,sneakers,19,18.75,100.0,0.7548294124240629
2025-05-11,sneakers,18,18.75,94.73684210526315,0.6606947352996779
2025-05-18,sneakers,18,18.5,94.73684210526315,0.04751143381455479
2025-05-25,sneakers,19,18.5,100.0,-0.35355339059325935
2025-06-01,sneakers,18,18.25,100.0,-1.8659924198246705
2025-06-08,sneakers,18,18.25,100.0,-1.5689290811054115
2025-06-15,sneakers,17,18.0,94.44444444444444,-2.0080483222561787
2025-06-22,sneakers,16,17.25,100.0,-2.7997695757720864
2025-06-29,sneakers,16,16.75,94.11764705882352,-2.4936467495767944
2025-07-06,sneakers,17,16.5,100.0,-2.078127038316374
2025-07-13,sneakers,20,17.25,111.11111111111111,-0.9072647087265392
2025-07-20,sneakers,21,18.5,116.66666666666667,0.7423074889580775
2025-07-27,sneakers,24,20.5,133.33333333333331,2.3639035232237307
2025-08-03,sneakers,22,21.75,110.00000000000001,2.377061246175037
2025-08-10,sneakers,21,22.0,105.0,1.9171933267411636
